{"settings":{"bgimage":"./images/ts_banner/default_banner.png"},"custom":{"custom-text-1":{"x":746,"y":40,"color":"#ffff00","fontfile":"./fonts/neuropoliticalrg.ttf","fontsize":"26","text":"Mein test custom text"}},"data":{"%status%":{"x":111,"y":280,"fontfile":"./fonts/neuropoliticalrg.ttf","fontsize":"18","color":"#ffff00","text":""},"%sid%":{"x":112,"y":342,"fontfile":"./fonts/neuropoliticalrg.ttf","fontsize":"16","color":"#ffffff","text":""},"%packetloss_00%":{"x":109,"y":405,"fontfile":"./fonts/neuropoliticalrg.ttf","fontsize":"16","color":"#ffffff","text":""}}}